model,accuracy,precision,recall,f1,auc
random_forest,0.84,0.8316831683168316,0.8484848484848485,0.84,0.9143914391439144
xgboost,0.84,0.8316831683168316,0.8484848484848485,0.84,0.9145914591459146
lightgbm,0.855,0.8645833333333334,0.8383838383838383,0.8512820512820513,0.9242924292429243
voting_ensemble,0.85,0.8484848484848485,0.8484848484848485,0.8484848484848485,0.9207920792079207
stacking_ensemble,0.845,0.84,0.8484848484848485,0.8442211055276382,0.9205920592059206
